url,date_on_archive_utc_iso
https://kyivindependent.com/not-even-capable-of-defeating-ukraine-orban-questions-russias-ability-to-attack-nato/,2025-06-09T17:08:00+00:00
https://kyivindependent.com/what-uk-strategic-defense-review-means-for-ukraine/,2025-06-09T16:47:41+00:00
https://kyivindependent.com/russia-sentences-2-azov-fighters-to-over-20-years-in-prison/,2025-06-09T16:32:20+00:00
https://kyivindependent.com/key-to-russias-potential-defeat-lies-in-its-economy/,2025-06-09T14:40:31+00:00
https://kyivindependent.com/ex-ukrainian-military-official-suspected-of-290-000-in-illicit-enrichment/,2025-06-09T14:40:00+00:00
https://kyivindependent.com/ukraine-calendar-events-to-look-out-for-this-week/,2025-06-09T14:33:00+00:00
https://kyivindependent.com/ukraine-shoots-down-nearly-500-drones-missiles-in-russian-record-strike-air-force-says/,2025-06-09T14:23:00+00:00
https://kyivindependent.com/exiled-russian-scholar-on-why-dugin-is-no-philosopher-and-russia-no-defender-of-traditional-values/,2025-06-09T13:49:05+00:00
https://kyivindependent.com/ukraine-begins-first-stage-of-prisoner-swap-under-istanbul-agreement/,2025-06-09T12:42:00+00:00
https://kyivindependent.com/russia-claims-offensive-in-dnipropetrovsk-aimed-at-creating-buffer-zone-ukraine-denies-reports-of-incursion/,2025-06-09T11:05:47+00:00
https://kyivindependent.com/natos-rutte-calls-for-400-increase-in-air-and-missile-defenses-to-counter-russia-bloomberg-reports/,2025-06-09T10:30:40+00:00
https://kyivindependent.com/drone-attack-ignites-blaze-in-russias-chuvashia-republic-media-reports/,2025-06-09T07:28:00+00:00
https://kyivindependent.com/ukraine-says-strike-damaged-russian-mig-31-su-fighter-jet-at-airfield-used-to-launch-kinzhal-missiles/,2025-06-09T07:27:09+00:00
https://kyivindependent.com/putin-approves-new-naval-strategy-as-russia-seeks-to-restore-maritime-power-reuters-reports/,2025-06-09T07:04:39+00:00
https://kyivindependent.com/general-staff-russia-has-lost-997-120-troops-in-ukraine-since-feb-24-2022/,2025-06-09T05:25:02+00:00
https://kyivindependent.com/russian-missiles-target-western-ukraine-in-latest-mass-attack/,2025-06-09T04:41:00+00:00
https://kyivindependent.com/ukrainian-boxer-usyk-invites-trump-to-his-home-to-see-russias-war-firsthand-bbc-reports/,2025-06-09T03:40:50+00:00
https://kyivindependent.com/ukrainian-opera-tenor-and-volunteer-killed-in-sumy-oblast/,2025-06-08T23:34:00+00:00
https://kyivindependent.com/renault-to-begin-drone-production-in-ukraine-media-reports/,2025-06-08T22:53:00+00:00
https://kyivindependent.com/no-grounds-for-evacuation-from-sumy-governor-says-amid-russian-offensive-into-region/,2025-06-08T19:54:00+00:00
https://kyivindependent.com/ukraine-war-latest-us-expects-russias-retaliation-for-operation-spiderweb-to-continue-soon-ukraine-denies-russian-troop-presence-in-dnipropetrovsk-oblast-describes-situation-as-tense/,2025-06-08T19:10:00+00:00
https://kyivindependent.com/slovakia-will-veto-russian-sanctions-if-they-harm-national-interests-fico-says/,2025-06-08T18:34:10+00:00
https://kyivindependent.com/ukraine-refutes-russias-claims-of-disrupting-pow-exchange/,2025-06-08T17:38:00+00:00
https://kyivindependent.com/germany-plans-expansion-of-bomb-shelters-amid-growing-russian-threats/,2025-06-08T17:21:49+00:00
https://kyivindependent.com/ukrainian-military-says-tense-situation-as-russia-continues-push-toward-dnipropetrovsk-oblast/,2025-06-08T16:08:00+00:00
https://kyivindependent.com/trump-redirects-20-000-anti-drone-missiles-meant-for-ukraine-zelensky-confirms/,2025-06-08T15:14:00+00:00
https://kyivindependent.com/exchange-of-fallen-soldiers-bodies-expected-next-week-budanov-says/,2025-06-08T14:14:46+00:00
https://kyivindependent.com/elon-musks-father-attends-pro-kremlin-event-in-russia-hosted-by-far-right-ideologue/,2025-06-08T12:53:05+00:00
https://kyivindependent.com/us-believes-russia-has-not-fully-responded-to-ukraines-operation-spiderweb-reuters-reports/,2025-06-08T11:36:41+00:00
https://kyivindependent.com/ukrainian-woman-daughter-found-murdered-in-belgium/,2025-06-08T11:03:00+00:00
https://kyivindependent.com/9-killed-44-injured-in-russian-attacks-on-ukraine-over-past-day/,2025-06-08T10:08:16+00:00
https://kyivindependent.com/russia-captures-village-of-loknia-in-sumy-oblast-deepstate-reports/,2025-06-08T09:06:13+00:00
https://kyivindependent.com/ukrainian-drone-attacks-force-airport-shutdowns-near-moscow/,2025-06-08T07:59:26+00:00
https://kyivindependent.com/general-staff-russia-has-lost-996-150-troops-in-ukraine-since-feb-24-2022/,2025-06-08T07:48:07+00:00
https://kyivindependent.com/finnish-pm-criticizes-reported-attempts-by-trump-to-weaken-russia-sanctions-bill/,2025-06-08T04:53:57+00:00
https://kyivindependent.com/russian-agents-who-targeted-dnipro-prosecutor-with-car-bomb-detained/,2025-06-08T03:50:00+00:00
https://kyivindependent.com/kyiv-pride-drone-charity-event-takes-place-faces-counterprotest/,2025-06-08T02:32:00+00:00
https://kyivindependent.com/chemical-plant-in-russias-tula-oblast-reportedly-hit-2nd-time-in-drone-attack/,2025-06-08T01:03:00+00:00
https://kyivindependent.com/i-am-against-ukraines-entry-into-the-european-union-polish-president-elect-nawrocki-says/,2025-06-07T22:17:09+00:00
https://kyivindependent.com/russia-bombs-kharkiv-day-after-deadly-overnight-attack-killing-1-injuring-18/,2025-06-07T20:20:00+00:00
https://kyivindependent.com/ukraine-needs-urgent-us-air-defense-support-zelensky-says-following-deadly-russian-strikes/,2025-06-07T19:29:00+00:00
https://kyivindependent.com/ukrainian-drone-strikes-russian-tu-22m3-bomber-new-footage-of-operation-spiderweb-from-sbu/,2025-06-07T15:48:00+00:00
https://kyivindependent.com/france-to-produce-drones-in-ukraine-lecornu-announces/,2025-06-07T15:39:05+00:00
https://kyivindependent.com/wondering-where-to-start-with-dostoevsky-try-his-ukrainian-contemporaries-instead/,2025-06-07T15:14:00+00:00
https://kyivindependent.com/canada-pledges-25-5-million-in-military-aid-for-ukraine-including-armored-vehicles/,2025-06-07T14:31:00+00:00
https://kyivindependent.com/six-people-likely-trapped-under-the-rubble-of-enterprise-hit-by-russia-in-kharkiv/,2025-06-07T13:34:00+00:00
https://kyivindependent.com/zelensky-refutes-trump-comparing-russian-war-to-children-fighting-calls-putin-murderer/,2025-06-07T12:13:02+00:00
https://kyivindependent.com/zelensky-ukraine-intended-to-use-only-domestic-weapons-in-operation-spiderweb/,2025-06-07T10:59:00+00:00
https://kyivindependent.com/air-force-ukraine-downs-russian-su-35-fighter-jet/,2025-06-07T09:13:00+00:00
https://kyivindependent.com/russia-hits-ukraine-with-206-drones-9-missiles-overnight-air-force-says/,2025-06-07T09:05:24+00:00
https://kyivindependent.com/baltic-states-issue-joint-statement-backing-ukraines-eu-nato-membership/,2025-06-07T07:48:00+00:00
https://kyivindependent.com/general-staff-russia-has-lost-995-030-troops-in-ukraine-since-feb-24-2022/,2025-06-07T07:16:11+00:00
https://kyivindependent.com/russian-attack-on-kharkiv-kill-1-injure-13/,2025-06-07T04:18:00+00:00
https://kyivindependent.com/fires-reported-following-russias-drone-attack-on-kyiv/,2025-06-07T03:36:00+00:00
https://kyivindependent.com/wagner-group-announces-withdrawal-from-mali/,2025-06-07T02:19:48+00:00
https://kyivindependent.com/operation-spiderweb-gave-putin-a-reason-to-bomb-the-hell-out-of-them-trump-says-following-large-scale-attacks-on-ukrainian-cities/,2025-06-07T00:41:09+00:00
https://kyivindependent.com/ukraine-hopes-for-trump-zelensky-meeting-in-canada-during-g7/,2025-06-06T22:47:00+00:00
https://kyivindependent.com/trump-reluctant-to-confront-china-over-support-for-russias-war-against-ukraine-bloomberg-reports/,2025-06-06T20:11:00+00:00
https://kyivindependent.com/ukraine-war-latest-russia-hits-ukraine-with-large-scale-attack-days-after-operation-spiderweb-ukraine-targets-russian-air-bases-in-preemptive-strike/,2025-06-06T18:40:00+00:00
https://kyivindependent.com/trump-quietly-pressuring-senate-to-weaken-russia-sanctions-wsj-reports/,2025-06-06T17:59:20+00:00
https://kyivindependent.com/egyptian-pow-didnt-need-money-but-went-to-fight-for-russia/,2025-06-06T17:42:58+00:00
https://kyivindependent.com/russias-national-guard-kills-man-attempting-drone-attack-on-military-site-agency-claims/,2025-06-06T17:15:00+00:00
https://kyivindependent.com/how-ukraines-own-peaky-blinders-mastered-the-art-of-bomber-drones/,2025-06-06T17:03:00+00:00
https://kyivindependent.com/russia-cuts-key-interest-rate-for-first-time-since-2022/,2025-06-06T15:51:01+00:00
https://kyivindependent.com/trump-offers-germany-us-gas-deals-but-no-promises-on-ukraine-aid-or-russia-sanctions/,2025-06-06T14:51:46+00:00
https://kyivindependent.com/ukrainian-drone-attack-destroys-helicopter-at-russian-airfield-in-bryansk-media-says/,2025-06-06T12:46:18+00:00
https://kyivindependent.com/moscow-ready-to-grant-musk-asylum-if-necessary-amid-rift-with-trump-russian-official-says/,2025-06-06T11:48:00+00:00
https://kyivindependent.com/loud-night-in-kyiv-dad-us-envoys-daughter-appeals-to-kellogg-during-russian-attack/,2025-06-06T11:03:17+00:00
https://kyivindependent.com/eu-considers-adding-russia-to-money-laundering-gray-list-financial-times-reports/,2025-06-06T09:56:25+00:00
https://kyivindependent.com/preemptive-strike-ukraine-strikes-russian-air-bases-ahead-of-russian-drone-missile-attack-general-staff-says/,2025-06-06T08:53:00+00:00
https://kyivindependent.com/5-killed-73-injured-in-russian-attacks-on-ukraine-over-past-day/,2025-06-06T07:47:00+00:00
https://kyivindependent.com/russia-plans-to-occupy-ukraine-east-of-dnipro-cut-black-sea-access-ukrainian-official-says/,2025-06-06T06:31:47+00:00
https://kyivindependent.com/general-staff-russia-has-lost-993-910-troops-in-ukraine-since-feb-24-2022/,2025-06-06T05:51:18+00:00
https://kyivindependent.com/explosions-rock-engels-in-russias-saratov-oblast-amid-reported-drone-attack/,2025-06-06T05:34:00+00:00
https://kyivindependent.com/russian-weapons-plant-hit-by-drones-in-tambov-oblast-media-reports/,2025-06-06T04:39:00+00:00
https://kyivindependent.com/eu-tariffs-on-ukrainian-goods-return-after-3-years-of-war-complicating-kyivs-path-to-european-integration/,2025-06-05T23:53:00+00:00
https://kyivindependent.com/sometimes-youre-better-off-letting-them-fight-trump-says-on-russia-ukraine-war/,2025-06-05T20:40:00+00:00
https://kyivindependent.com/russia-bombs-central-kherson-partially-destroys-regional-administration-building/,2025-06-05T19:24:00+00:00
https://kyivindependent.com/in-show-of-unity-us-appoints-next-chief-of-natos-european-command/,2025-06-05T18:55:58+00:00
https://kyivindependent.com/ukraine-war-latest-85/,2025-06-05T18:25:01+00:00
https://kyivindependent.com/russian-sanctions-deadline-is-in-my-brain-trump-says-dismisses-timeline-to-impose-additional-sanctions/,2025-06-05T17:54:00+00:00
https://kyivindependent.com/russias-response-to-operation-spiderweb-is-likely-not-going-to-be-pretty-trump-says/,2025-06-05T17:41:16+00:00
https://kyivindependent.com/not-destroyed-but-damaged-russia-claims-it-will-repair-bombers-struck-in-operation-spiderweb-official-says/,2025-06-05T15:38:00+00:00
https://kyivindependent.com/time-to-put-an-end-to-insanity-of-war-brazils-lula-told-putin-calls-for-restraint-following-operation-spiderweb/,2025-06-05T14:41:00+00:00
https://kyivindependent.com/in-wartime-ukraine-a-university-grows-and-reclaims-a-space-once-reserved-for-the-corrupt/,2025-06-05T14:19:00+00:00
https://kyivindependent.com/controversial-russian-literature-prize-sparks-debate-on-separating-culture-from-war-crimes/,2025-06-05T14:14:03+00:00
https://kyivindependent.com/without-justice-war-will-come-back-veteran-reporter-says/,2025-06-05T14:09:39+00:00
https://kyivindependent.com/damage-disruptions-reported-following-explosion-on-train-tracks-in-russias-voronezh-oblast/,2025-06-05T13:41:00+00:00
https://kyivindependent.com/putin-tells-new-pope-kyiv-seeks-to-escalate-war-urges-vatican-support-for-moscow-linked-church-in-ukraine/,2025-06-05T12:51:00+00:00
https://kyivindependent.com/slovak-parliament-urges-government-to-reject-new-russia-sanctions/,2025-06-05T12:42:02+00:00
https://kyivindependent.com/russia-aims-to-produce-2-million-fpv-drones-in-2025-ukrainian-intelligence-says/,2025-06-05T11:45:57+00:00
https://kyivindependent.com/trump-privately-praises-ukraines-drone-strike-on-russian-bombers-as-badass-axios-reports/,2025-06-05T11:21:00+00:00
https://kyivindependent.com/5-killed-6-injured-in-russian-drone-strike-on-chernihiv-oblast/,2025-06-05T10:08:00+00:00
https://kyivindependent.com/ukraine-strikes-russian-missile-base-in-bryansk-oblast-damages-iskander-launchers-ukrainian-military-says/,2025-06-05T09:35:00+00:00
https://kyivindependent.com/russia-impersonating-ukraines-security-service-to-recruit-saboteurs-sbu-warns/,2025-06-05T08:59:13+00:00
https://kyivindependent.com/8-killed-46-injured-in-russian-attacks-on-ukraine-over-past-day/,2025-06-05T08:31:36+00:00
https://kyivindependent.com/kim-reaffirms-unconditional-support-for-russias-war-in-ukraine-during-shoigu-visit/,2025-06-05T07:22:54+00:00
https://kyivindependent.com/ukraine-us-aim-to-launch-mineral-investment-fund-by-years-end/,2025-06-05T07:03:37+00:00
https://kyivindependent.com/general-staff-russia-has-lost-992-750-troops-in-ukraine-since-feb-24-2022/,2025-06-05T06:08:52+00:00
https://kyivindependent.com/russia-missile-drone-attacks-on-kharkiv-injures-17-including-2-children/,2025-06-05T04:57:00+00:00
https://kyivindependent.com/reuters-ukraine-struck-fewer-russian-bombers-during-operation-spiderweb-than-estimated-us-officials-claim/,2025-06-05T03:57:58+00:00
https://kyivindependent.com/trump-administration-redirecting-anti-drone-tech-from-ukraine-to-us-forces-in-middle-east-wsj-reports/,2025-06-05T02:42:30+00:00
https://kyivindependent.com/russia-launches-over-48-000-aerial-attacks-in-6-months-zelensky-says/,2025-06-05T00:58:00+00:00
https://kyivindependent.com/trump-urges-senate-to-postpone-vote-on-russia-sanctions-bill/,2025-06-04T23:36:00+00:00
https://kyivindependent.com/russia-seeks-to-deploy-10000-troops-to-transnistria-and-potentially-undermine-election-moldovan-pm-recean-says/,2025-06-04T22:05:00+00:00
https://kyivindependent.com/zelensky-to-consider-allowing-private-army-formations-after-latest-ultimatums-from-russia/,2025-06-04T20:16:45+00:00
https://kyivindependent.com/putin-stays-silent-on-ukraines-strikes-that-hit-41-russian-bombers-cause-7-billion-in-damage/,2025-06-04T17:48:00+00:00
https://kyivindependent.com/putin-will-have-to-respond-to-ukraines-attack-on-russian-bombers-trump-says-after-call-with-kremlin-chief/,2025-06-04T17:38:00+00:00
https://kyivindependent.com/ukraine-war-latest-kyiv-hacks-russian-bomber-maker-putins-disregard-for-troops-highlighted-as-russian-losses-near-1-million/,2025-06-04T16:46:00+00:00
https://kyivindependent.com/cultural-diplomacy-or-cover-for-espionage-why-russian-cultural-centers-remain-open-across-the-globe/,2025-06-04T16:43:00+00:00
https://kyivindependent.com/ukraine-reforms-tracker-weekly-issue-28/,2025-06-04T15:40:03+00:00
https://kyivindependent.com/with-music-festival-honoring-fallen-combat-medic-ukrainians-reinvent-memorial-culture/,2025-06-04T15:18:00+00:00
https://kyivindependent.com/putin-casts-doubt-on-peace-talks-accuses-ukraine-of-deadly-bridge-attack-in-russia/,2025-06-04T15:01:00+00:00
https://kyivindependent.com/new-footage-from-ukraines-operation-spiderweb-hitting-russian-bombers/,2025-06-04T14:42:04+00:00
https://kyivindependent.com/ukraines-sbu-releases-exclusive-footage-of-operation-spiderweb-targeting-russias-strategic-aircraft/,2025-06-04T14:29:00+00:00
https://kyivindependent.com/ukraine-to-bring-home-500-pows-from-russia-in-weekend-prisoner-swap-zelensky-says/,2025-06-04T13:46:00+00:00
https://kyivindependent.com/exclusive-ukraine-could-face-500-russian-drones-a-night-as-kremlin-builds-new-launch-sites/,2025-06-04T13:42:06+00:00
https://kyivindependent.com/putins-disregard-for-troops-highlighted-as-russian-losses-approach-1-million-csis-report-shows/,2025-06-04T13:08:55+00:00
https://kyivindependent.com/ukraine-wouldnt-launch-operation-spiderweb-if-russia-agreed-to-ceasefire-zelensky-says/,2025-06-04T12:53:00+00:00
https://kyivindependent.com/russia-strikes-ukrainian-military-training-unit-in-poltava-oblast-military-says/,2025-06-04T12:45:00+00:00
https://kyivindependent.com/there-is-nothing-secret-left-ukraine-hacks-russias-tupolev-aircraft-manufacturer-source-claims/,2025-06-04T12:09:00+00:00
https://kyivindependent.com/us-hasnt-decided-on-new-ukraine-military-aid-focuses-on-peace-deal-nato-envoy-says/,2025-06-04T11:55:00+00:00
https://kyivindependent.com/ukraine-passes-budget-code-changes-to-implement-us-mineral-deal/,2025-06-04T11:42:59+00:00
https://kyivindependent.com/ukraines-operation-spiderweb-ranks-with-raid-on-bin-laden-us-senator-blumenthal-says/,2025-06-04T10:40:34+00:00
https://kyivindependent.com/kremlin-confirms-explosion-at-crimean-bridge-after-sbu-bombing-claims-no-damage/,2025-06-04T10:20:00+00:00
https://kyivindependent.com/france-belgium-eu-plan-to-halt-russian-lng-imports/,2025-06-04T09:48:00+00:00
https://kyivindependent.com/for-the-first-time-pentagon-chief-to-skip-ramstein-format-meeting-of-ukraines-allies/,2025-06-04T09:22:00+00:00
https://kyivindependent.com/fire-erupts-at-russian-military-engine-plant-hit-by-us-sanctions/,2025-06-04T09:17:17+00:00
https://kyivindependent.com/trump-raises-steel-aluminum-tariffs-to-50-hitting-key-ukrainian-export/,2025-06-04T07:44:54+00:00
https://kyivindependent.com/ukraine-strike-on-russian-bombers-could-escalate-war-kellogg-says/,2025-06-04T07:18:28+00:00
https://kyivindependent.com/attacks-155/,2025-06-04T07:17:00+00:00
https://kyivindependent.com/operation-spiderweb-everything-we-know-about-ukraines-audacious-attack-on-russias-heavy-bombers/,2025-06-04T07:12:00+00:00
https://kyivindependent.com/enemy-bombers-are-burning-en-masse-ukraines-sbu-drones-hit-more-than-40-russian-aircraft/,2025-06-04T07:09:00+00:00
https://kyivindependent.com/kremlin-comments-unprecedented-drone-strikes-on-russian-airfields-launches-investigation/,2025-06-04T06:13:37+00:00
https://kyivindependent.com/ukraine-defaults-on-gdp-linked-sovereign-debt-payment/,2025-06-04T05:35:17+00:00
https://kyivindependent.com/general-staff-russia-has-lost-991-820-troops-in-ukraine-since-feb-24-2022/,2025-06-04T05:16:31+00:00
https://kyivindependent.com/rare-russian-spy-planes-damaged-in-ukraines-operation-spiderweb-telegraph-reports/,2025-06-04T05:12:00+00:00
https://kyivindependent.com/uk-to-provide-ukraine-with-100-000-drones-by-april-2026/,2025-06-04T04:42:00+00:00
https://kyivindependent.com/trump-official-who-shut-down-counter-disinformation-bureau-has-links-to-russia-telegraph-reports/,2025-06-04T03:07:00+00:00
https://kyivindependent.com/latvia-joins-un-security-council-for-first-time/,2025-06-04T01:06:00+00:00
https://kyivindependent.com/nato-urging-europe-to-ramp-up-air-defenses-fivefold-in-face-of-russian-threat-bloomberg-reports/,2025-06-04T00:02:24+00:00
https://kyivindependent.com/orban-vows-to-do-everything-to-prevent-ukraine-from-joining-eu/,2025-06-03T23:06:34+00:00
https://kyivindependent.com/breaking-ukraines-sbu-strikes-crimean-bridge-in-underwater-attack/,2025-06-03T20:53:00+00:00
https://kyivindependent.com/trump-didnt-know-about-ukraines-drone-strike-on-russias-warplanes-white-house-confirms/,2025-06-03T20:48:00+00:00
https://kyivindependent.com/russians-at-home-and-abroad-divided-on-how-to-approach-peace-talks/,2025-06-03T20:06:00+00:00
https://kyivindependent.com/romanian-election-tests-the-tensions-in-the-western-romanian-speaking-oblast-of-ukraine/,2025-06-03T19:49:00+00:00
https://kyivindependent.com/commander-of-ukraines-unmanned-systems-forces-replaced/,2025-06-03T19:47:55+00:00
https://kyivindependent.com/there-was-blood-on-the-asphalt-russia-strikes-sumy-during-morning-rush-hour/,2025-06-03T19:26:00+00:00
https://kyivindependent.com/ukraine-war-latest-ukraine-attacks-crimean-bridge-for-3rd-time-since-beginning-of-all-out-war/,2025-06-03T19:15:00+00:00
https://kyivindependent.com/drapatyi-made-commander-of-joint-forces/,2025-06-03T18:47:00+00:00
https://kyivindependent.com/everything-we-know-about-ukraines-operation-spiderweb/,2025-06-03T18:19:54+00:00
https://kyivindependent.com/tattoos-of-war/,2025-06-03T18:18:00+00:00
https://kyivindependent.com/russia-attacks-sumy/,2025-06-03T17:44:00+00:00
https://kyivindependent.com/putin-trump-zelensky-trilateral-meeting-is-unlikely-to-happen-soon-kremlin-says/,2025-06-03T16:43:55+00:00
https://kyivindependent.com/record-number-of-russians-support-peace-talks-end-war-in-ukraine-since-february-2022-poll-shows/,2025-06-03T15:15:17+00:00
https://kyivindependent.com/ukraines-general-staff-confirms-striking-41-russian-bombers-other-aircraft-in-june-1-mass-drone-attack/,2025-06-03T15:03:18+00:00
https://kyivindependent.com/exclusive-russias-ballistic-missile-production-up-at-least-66-over-past-year-according-to-ukrainian-intel-figures/,2025-06-03T13:43:00+00:00
https://kyivindependent.com/russia-may-have-recruited-starmer-arson-suspect-via-telegram-schemes-reports/,2025-06-03T12:51:00+00:00
https://kyivindependent.com/rare-moment-of-honesty-graham-on-medvedev-saying-russia-seeks-victory-not-compromise-in-ukraine-peace-talks/,2025-06-03T12:02:00+00:00
https://kyivindependent.com/ukraine-to-deploy-new-units-to-counter-russian-drone-attacks-air-force-says/,2025-06-03T11:38:24+00:00
https://kyivindependent.com/ukrainian-drone-strike-alarms-kremlin-over-nuclear-capable-airbase-vulnerability/,2025-06-03T10:29:53+00:00
https://kyivindependent.com/ukraines-parliament-backs-bill-establishing-military-ombudsman-in-1st-reading/,2025-06-03T10:20:00+00:00
https://kyivindependent.com/ukraine-invited-to-nato-summit-zelensky-say/,2025-06-03T09:38:00+00:00
https://kyivindependent.com/speaker-johnson-backs-senate-bill-to-toughen-sanctions-on-russia/,2025-06-03T09:04:18+00:00
https://kyivindependent.com/zelenskys-chief-of-staff-flying-to-us-after-russia-peace-talks-source-says/,2025-06-03T08:29:00+00:00
https://kyivindependent.com/russia-lost-12-aircraft-ukraines-military-claims-after-drone-strike-on-russian-bombers/,2025-06-03T07:17:00+00:00
https://kyivindependent.com/russian-propagandists-split-between-downplaying-devastating-ukrainian-drone-attacks-and-issuing-threats/,2025-06-03T07:11:00+00:00
https://kyivindependent.com/russian-attacks-against-ukraine-8/,2025-06-03T07:06:57+00:00
https://kyivindependent.com/ukrainian-drone-attack-led-to-widespread-blackout-in-occupied-art-of-zaporizhzhia-kherson-oblasts-russian-proxies-claim/,2025-06-03T06:11:34+00:00
https://kyivindependent.com/general-staff-russia-has-lost-990-800-troops-in-ukraine-since-feb-24-2022/,2025-06-03T05:11:00+00:00
https://kyivindependent.com/uk-government-fully-prepared-to-sue-russian-oligarch-abramovich-over-chelsea-fc-sale/,2025-06-03T04:51:00+00:00
https://kyivindependent.com/russia-stalling-staging-diplomatic-show-in-peace-talks-with-ukraine-umerov-says/,2025-06-03T03:14:00+00:00
https://kyivindependent.com/we-face-war-in-europe-uk-announces-major-defense-spending-boost-amid-russian-threat/,2025-06-03T01:31:00+00:00
https://kyivindependent.com/russia-admitted-to-taking-ukrainian-children-during-latest-peace-talks-zelensky-says/,2025-06-02T23:44:00+00:00
https://kyivindependent.com/norway-to-help-ukraine-cover-1-billion-euro-gas-shortfall-zelensky-says/,2025-06-02T22:48:00+00:00
https://kyivindependent.com/zelensky-says-hes-ready-to-meet-with-putin-trump-in-turkey/,2025-06-02T21:19:00+00:00
https://kyivindependent.com/dtek-one-of-europes-largest-energy-storage-facilities-to-be-built-in-ukraine/,2025-06-02T21:00:00+00:00
https://kyivindependent.com/closer-to-victory-ukrainians-celebrate-operation-spiderweb-targeting-russias-heavy-bombers/,2025-06-02T20:36:00+00:00
https://kyivindependent.com/istanbul-talks-june-2/,2025-06-02T20:13:00+00:00
https://kyivindependent.com/growing-up-under-missiles-ukrainian-childhoods-shaped-by-war-photos/,2025-06-02T19:38:00+00:00
https://kyivindependent.com/ukraine-war-latest-ukraine-russia-agree-on-new-prisoner-swap-repatriation-of-6-000-bodies-of-fallen-soldiers-after-2nd-round-of-talks-in-istanbul/,2025-06-02T19:36:46+00:00
https://kyivindependent.com/idiots-zelensky-slams-russias-proposal-for-brief-truce-to-retrieve-fallen-soldiers-bodies/,2025-06-02T19:34:00+00:00
https://kyivindependent.com/who-is-nawrocki-polands-new-president-and-what-his-narrow-victory-could-mean-for-polish-ukrainian-relations/,2025-06-02T19:19:00+00:00
https://kyivindependent.com/russia-passes-peace-memorandum-to-ukraine-demanding-withdrawal-of-troops-from-4-ukrainian-regions-media-says/,2025-06-02T17:57:00+00:00
https://kyivindependent.com/ukraine-seeks-to-bring-back-up-to-1-200-people-in-next-prisoner-swap-with-russia-zelensky-says/,2025-06-02T17:40:44+00:00
https://kyivindependent.com/ukraine-russia-preparing-for-new-prisoner-swap-with-turkeys-mediation-following-2nd-round-of-peace-talks/,2025-06-02T15:41:00+00:00
https://kyivindependent.com/ukrainians-celebrate-spiderweb-operation-that-hit-dozens-of-russian-bombers/,2025-06-02T15:38:19+00:00
https://kyivindependent.com/russia-offers-ukraine-to-cease-fire-for-2-3-days-in-some-areas-of-front-line-to-collect-soldiers-bodies-medinsky-says/,2025-06-02T15:17:00+00:00
https://kyivindependent.com/ukraine-ready-to-make-concessions-on-partial-lifting-of-sanctions-against-russia-amid-ongoing-peace-talks/,2025-06-02T14:23:03+00:00
https://kyivindependent.com/portnov-family-bought-dubai-properties-worth-over-2-million-investigation/,2025-06-02T13:13:07+00:00
https://kyivindependent.com/russian-attack-injures-12-emergency-workers-in-ukraines-zaporizhzhia-oblast/,2025-06-02T12:43:05+00:00
https://kyivindependent.com/ukrainian-military-responds-to-commanders-claim-of-no-state-supplied-fpv-drones-media-reports/,2025-06-02T12:09:54+00:00
https://kyivindependent.com/russian-central-bank-head-under-pressure-to-slash-key-interest-rate-bloomberg-reports/,2025-06-02T11:17:00+00:00
https://kyivindependent.com/trump-reportedly-wasnt-informed-about-ukraines-planned-drone-strike-on-russian-bombers/,2025-06-02T10:33:00+00:00
https://kyivindependent.com/zelensky-urges-trump-to-enforce-tougher-sanctions-if-peace-talks-with-russia-stall/,2025-06-02T10:21:00+00:00
https://kyivindependent.com/34-of-russian-strategic-missile-carriers-worth-7-billion-damaged-in-ukrainian-drone-operation-sbu-reports/,2025-06-02T10:10:00+00:00
https://kyivindependent.com/russian-governor-praises-citizens-for-attacking-ukrainian-drones-with-stones/,2025-06-02T09:50:00+00:00
https://kyivindependent.com/zelensky-to-meet-top-military-officials-after-russian-strike-kills-12-at-ukrainian-training-camp/,2025-06-02T09:04:14+00:00
https://kyivindependent.com/zelensky-arrives-in-lithuania/,2025-06-02T08:28:00+00:00
https://kyivindependent.com/polish-election-too-close-to-call/,2025-06-02T08:11:00+00:00
https://kyivindependent.com/first-satellite-images-show-destroyed-russian-bombers-after-ukrainian-drone-strike-on-belaya-air-base/,2025-06-02T07:44:00+00:00
https://kyivindependent.com/russian-security-services-recruiting-ukrainians-for-illegal-activities-in-europe-ukrainian-intelligence-says/,2025-06-02T07:07:40+00:00
https://kyivindependent.com/attacks-154/,2025-06-02T06:42:35+00:00
https://kyivindependent.com/russian-defense-ministry-says-162-ukrainian-drones-shot-down-overnight/,2025-06-02T06:17:59+00:00
https://kyivindependent.com/general-staff-russia-has-lost-989-700-troops-in-ukraine-since-feb-24-2022/,2025-06-02T05:26:17+00:00
https://kyivindependent.com/russia-attacks-kharkiv-with-ballistic-missiles-drones-injuring-at-least-6-including-child/,2025-06-02T04:51:00+00:00
https://kyivindependent.com/russia-shatters-drone-record-launches-472-uavs-at-ukraine-night-before-kyivs-strike-on-russian-airfields/,2025-06-02T02:17:00+00:00
https://kyivindependent.com/lavrov-rubio-discuss-war-settlement-ahead-of-ukraine-russia-peace-talks-in-istanbul/,2025-06-02T00:31:29+00:00
https://kyivindependent.com/ukraine-war-latest-84/,2025-06-01T20:57:00+00:00
https://kyivindependent.com/zelensky-announces-updated-ukrainian-delegation-list-ahead-of-planned-peace-talks-with-russia-in-istanbul/,2025-06-01T16:57:00+00:00
https://kyivindependent.com/may-2025-ukraine-in-photos/,2025-06-01T14:41:00+00:00
https://kyivindependent.com/as-trump-fails-to-sanction-moscow-few-expect-breakthrough-during-upcoming-russia-ukraine-talks/,2025-06-01T14:04:00+00:00
https://kyivindependent.com/ukrainian-land-forces-commander-resigns-after-russian-attack-that-killed-12-soldiers-on-training-grounds/,2025-06-01T14:00:00+00:00
https://kyivindependent.com/germany-steps-up-aid-after-russias-unprecedented-attacks-ukraine-this-week/,2025-06-01T12:10:09+00:00
https://kyivindependent.com/12-ukrainian-soldiers-dead-60-injured-after-russian-missile-strike-on-training-center/,2025-06-01T11:51:12+00:00
https://kyivindependent.com/uk-looking-to-buy-fighters-that-can-launch-nukes-amid-broad-defense-build-up/,2025-06-01T09:39:00+00:00
https://kyivindependent.com/russian-soldiers-surrendered-because-abuse-by-commanders-is-worse-than-captivity-ukrainian-paratroopers-say/,2025-06-01T07:49:47+00:00
https://kyivindependent.com/russian-freight-train-blown-up-on-its-way-to-crimea-claims-ukrainian-intelligence/,2025-06-01T07:25:00+00:00
https://kyivindependent.com/4-killed-44-injured-in-train-derailment-in-russias-bryansk-oblast-following-bridge-collapse-officials-claim/,2025-06-01T07:22:00+00:00
https://kyivindependent.com/general-staff-russia-has-lost-987-330-troops-in-ukraine-since-feb-24-2022-2/,2025-06-01T06:29:35+00:00
https://kyivindependent.com/russian-attacks-on-zaporizhzhia-oblast-injure-7-damage-critical-infrastructure/,2025-06-01T03:30:00+00:00
https://kyivindependent.com/pro-ukraine-partisans-sabotage-railway-in-russia-occupied-donetsk-oblast-group-claims/,2025-06-01T02:34:22+00:00
https://kyivindependent.com/using-russian-assets-for-ukraine-aid-needs-closer-look-german-official-says/,2025-06-01T01:09:23+00:00
https://kyivindependent.com/serious-setback-for-democracy-eu-condemns-russia-style-foreign-agents-law-in-georgia/,2025-05-31T22:22:00+00:00
https://kyivindependent.com/no-clarity-on-russias-agenda-ahead-of-ukraine-peace-talks-zelensky-says/,2025-05-31T19:51:00+00:00
https://kyivindependent.com/russia-aligned-disinformation-campaign-targets-ukrainians-in-poland-ahead-of-june-1-presidential-runoff-investigation-finds/,2025-05-31T18:40:00+00:00
https://kyivindependent.com/pompeo-calls-on-trump-to-not-legitimize-russias-land-grabs-in-ukraine/,2025-05-31T16:55:00+00:00
https://kyivindependent.com/opec-extends-oil-output-surge-despite-russian-pushback-bloomberg-reports/,2025-05-31T15:32:00+00:00
https://kyivindependent.com/western-hesitation-continues-to-undermine-ukraine/,2025-05-31T15:04:00+00:00
https://kyivindependent.com/france-and-britain-shift-focus-to-defending-ukraine-without-us-support-the-telegraph-reports/,2025-05-31T14:31:40+00:00
https://kyivindependent.com/ukraines-enduring-cyber-defenses-assessing-resilience-and-the-impact-of-shifting-international-support/,2025-05-31T14:20:00+00:00
https://kyivindependent.com/ukraine-braces-for-potential-russian-offensive-into-sumy-oblast-but-uncertainty-remains/,2025-05-31T12:06:00+00:00
https://kyivindependent.com/russian-forces-intensify-offensive-in-zaporizhzhia-region-ukrainian-commander-says/,2025-05-31T11:51:06+00:00
https://kyivindependent.com/nato-officials-reject-russian-demand-to-halt-expansion-say-no-talks-underway-media-reports/,2025-05-31T10:38:33+00:00
https://kyivindependent.com/uk-identifies-russia-as-an-immediate-and-pressing-threat-in-new-defense-review-the-guardian-reports/,2025-05-31T10:05:20+00:00
https://kyivindependent.com/ukraine-orders-mandatory-evacuation-of-11-more-villages-in-sumy-oblast-amid-russian-troop-buildup/,2025-05-31T08:28:00+00:00
https://kyivindependent.com/russian-attacks-against-ukraine-kill-10-injure-30-over-past-day/,2025-05-31T07:12:18+00:00
https://kyivindependent.com/general-staff-russia-has-lost-987-330-troops-in-ukraine-since-feb-24-2022/,2025-05-31T06:23:00+00:00
https://kyivindependent.com/1-child-killed-1-injured-in-russian-missile-attack-on-zaporizhzhia-oblast/,2025-05-31T04:16:00+00:00
https://kyivindependent.com/ukraine-to-skip-665-million-debt-payment-bloomberg-reports/,2025-05-31T02:46:16+00:00
https://kyivindependent.com/russia-sent-ukraine-65-civilians-who-were-slated-for-deportation-in-major-prisoner-exchange/,2025-05-31T01:23:41+00:00
https://kyivindependent.com/kremlin-staged-putins-near-miss-with-ukrainian-drones-moscow-times-reports/,2025-05-30T23:34:00+00:00
https://kyivindependent.com/trump-surprised-disappointed-at-russian-attacks-on-ukraine-amid-peace-talks/,2025-05-30T20:51:00+00:00
https://kyivindependent.com/the-hungary-ukraine-spy-scandal-and-russias-possible-role-explained/,2025-05-30T20:28:00+00:00
https://kyivindependent.com/zelensky-erdogan-discuss-june-2-peace-talks-in-phone-call/,2025-05-30T20:02:13+00:00
https://kyivindependent.com/trump-to-appoint-next-nato-military-chief-easing-fears-of-us-pullback-reuters-reports/,2025-05-30T19:15:15+00:00
https://kyivindependent.com/ukraine-war-latest-ukraine-attacks-elite-russian-unit-base-nearly-7-000km-away-in-vladivostok-source-claims/,2025-05-30T19:06:00+00:00
https://kyivindependent.com/zelensky-doubts-talks-will-yield-results-plan-ceasefire-withholds-russia/,2025-05-30T18:58:00+00:00
https://kyivindependent.com/82-us-senators-back-bone-crushing-russia-sanctions-expected-to-advance-next-week-graham-says/,2025-05-30T17:58:00+00:00
https://kyivindependent.com/ukraine-reforms-tracker-weekly-issue-27/,2025-05-30T16:28:38+00:00
https://kyivindependent.com/russia-to-consider-ceasefire-on-conditions-ukraine-halts-weapons-mobilization-envoy-says/,2025-05-30T16:16:41+00:00
https://kyivindependent.com/ukraine-watches-closely-as-poland-faces-polarizing-presidential-run-off/,2025-05-30T16:06:49+00:00
https://kyivindependent.com/ukraine-offers-4-800-bonus-to-new-doctors-in-rural-combat-zones/,2025-05-30T15:19:48+00:00
https://kyivindependent.com/ukraine-behind-explosions-in-vladivostok-causing-damage-to-russian-military-source-claims/,2025-05-30T14:22:00+00:00
https://kyivindependent.com/russia-open-to-zelensky-putin-trump-meeting-if-progress-made-at-june-2-peace-talks/,2025-05-30T14:19:00+00:00
https://kyivindependent.com/all-territory-will-revert-to-ukraine-predicts-us-diplomat/,2025-05-30T14:10:31+00:00
https://kyivindependent.com/ukraines-memorandum-proposes-ceasefire-across-land-air-and-sea-nyt-reports/,2025-05-30T12:29:25+00:00
https://kyivindependent.com/russia-tests-europes-capacity-to-help-ukraine-with-intensifying-air-attacks/,2025-05-30T12:07:00+00:00
https://kyivindependent.com/wars-unseen-isolation-a-ukrainian-officers-story-of-survival-and-hope/,2025-05-30T10:55:48+00:00
https://kyivindependent.com/ukraine-ready-for-2nd-round-of-istanbul-talks-but-seeks/,2025-05-30T10:40:00+00:00
https://kyivindependent.com/detention-pressure-and-threats-a-u-s-pastor-in-ukraine-tells-the-kyiv-independent-about-his-encounter-with-russians/,2025-05-30T09:50:00+00:00
https://kyivindependent.com/russians-complain-border-regions-uninhabitable-as-kremlin-pushes-for-buffer-zone-ukraines-military-intelligence-says/,2025-05-30T08:41:00+00:00
https://kyivindependent.com/over-89-000-russian-targets-hit-destroyed-in-march-using-drones-ukraines-commander-says/,2025-05-30T08:23:23+00:00
https://kyivindependent.com/russian-attacks-against-ukraine-kill-7-injure-39-over-past-day/,2025-05-30T07:10:34+00:00
https://kyivindependent.com/nato-expansion-fair-concern-for-putin-kellogg-says/,2025-05-30T06:21:00+00:00
https://kyivindependent.com/general-staff-russia-has-lost-986-080-troops-in-ukraine-since-feb-24-2022/,2025-05-30T05:11:31+00:00
https://kyivindependent.com/officials-from-us-uk-france-germany-to-attend-ukraine-russia-peace-talks-kellogg-says/,2025-05-30T04:57:40+00:00
https://kyivindependent.com/he-was-kidnapped-georgian-opposition-leader-detained-as-ruling-party-continues-crackdown-on-dissent/,2025-05-30T03:38:00+00:00
https://kyivindependent.com/9-injured-in-kharkiv-amid-russian-drone-attack/,2025-05-30T02:24:00+00:00
https://kyivindependent.com/shooting-russia-in-the-back-serbian-companies-supplying-ammunition-to-ukraine-moscow-claims/,2025-05-30T01:16:00+00:00
https://kyivindependent.com/trump-hopes-next-russia-ukraine-talks-will-move-ball-forward-white-house-says-as-moscow-further-delays-peace-memo/,2025-05-29T21:35:00+00:00
https://kyivindependent.com/north-korea-sent-russia-at-least-100-ballistic-missiles-last-year-monitors-find/,2025-05-29T20:21:00+00:00
https://kyivindependent.com/the-kyiv-independent-wins-ukrainian-journalism-award-for-exposing-russian-soldiers-sexual-violence/,2025-05-29T19:50:00+00:00
https://kyivindependent.com/ukraine-war-latest-russia-reports-2nd-consecutive-day-of-ukrainian-drone-attacks-on-moscow/,2025-05-29T19:16:42+00:00
https://kyivindependent.com/no-sign-russia-is-preparing-to-restart-zaporizhzhia-nuclear-plant-reuters-reports/,2025-05-29T18:27:14+00:00
https://kyivindependent.com/china-suts-drone-sales-to-ukraine-west-but-continues-supplying-russia-bloomberg-reports/,2025-05-29T17:56:25+00:00
https://kyivindependent.com/zelensky-slams-russia-for-stalling-on-ceasefire-memorandum-ahead-of-istanbul-talks/,2025-05-29T17:47:00+00:00
https://kyivindependent.com/when-art-meets-blockchain-ukraines-new-frontier-in-wartime-cultural-preservation/,2025-05-29T16:44:00+00:00
https://kyivindependent.com/ukrainian-commander-faces-trial-for-failing-to-stop-torture-within-his-unit/,2025-05-29T16:30:11+00:00
https://kyivindependent.com/us-filmmaker-injured-by-fallen-balcony-in-kyiv/,2025-05-29T15:56:00+00:00
https://kyivindependent.com/ukraines-ai-powered-mother-drone-sees-first-combat-use-minister-says/,2025-05-29T15:35:00+00:00
https://kyivindependent.com/no-god-but-theirs/,2025-05-29T15:03:59+00:00
https://kyivindependent.com/infighting-and-national-jockeying-undermine-europes-grand-ambitions-for-rearming/,2025-05-29T14:43:39+00:00
https://kyivindependent.com/russias-budget-deficit-triples-amid-sanctions-and-low-oil-prices-ukrainian-official-says/,2025-05-29T14:26:39+00:00
https://kyivindependent.com/russias-persecution-of-ukrainian-clergy-is-part-of-an-organized-genocidal-campaign/,2025-05-29T14:15:00+00:00
https://kyivindependent.com/ex-ukrainian-official-portnov-met-with-top-ukrainian-officials-in-kyiv-days-before-the-murder-media-reports/,2025-05-29T13:58:04+00:00
https://kyivindependent.com/europe-faces-deepest-crisis-since-1945-timothy-garton-ash-says/,2025-05-29T13:47:05+00:00
https://kyivindependent.com/germany-announces-massive-new-ukraine-arms-package-but-no-taurus-missiles/,2025-05-29T11:39:00+00:00
https://kyivindependent.com/ukrainian-abducted-in-russian-occupied-crimea-ukraines-ombudsman-appeals-to-moscow/,2025-05-29T11:15:09+00:00
https://kyivindependent.com/ukraine-to-boycott-world-judo-championships-after-belarus-allowed-to-compete-under-national-flag/,2025-05-29T11:00:01+00:00
https://kyivindependent.com/moscow-building-damaged-in-reported-drone-attack/,2025-05-29T11:00:00+00:00
https://kyivindependent.com/nato-reportedly-wants-40-000-more-german-troops-for-defense-against-russia/,2025-05-29T10:40:10+00:00
https://kyivindependent.com/how-much-does-a-russian-drone-attack-on-ukraine-cost-the-question-is-more-complicated-than-it-sounds/,2025-05-29T09:52:09+00:00
https://kyivindependent.com/next-ramstein-summit-to-take-place-on-june-4-in-brussels/,2025-05-29T09:51:08+00:00
https://kyivindependent.com/russia-accumulated-enough-forces-to-attempt-an-attack-in-sumy-oblast-border-guard-says/,2025-05-29T09:25:12+00:00
https://kyivindependent.com/russian-linked-hackers-targeted-uk-defense-ministry-while-posing-as-journalists/,2025-05-29T09:12:21+00:00
https://kyivindependent.com/rubio-lavrov-discuss-upcoming-russia-ukraine-peace-talks-in-istanbul/,2025-05-29T08:49:00+00:00
https://kyivindependent.com/russian-attacks-against-ukraine-killed-3-injured-27/,2025-05-29T08:13:28+00:00
https://kyivindependent.com/taurus-missiles-for-ukraine-within-the-realm-of-possibility-germanys-merz-says/,2025-05-29T07:33:00+00:00
https://kyivindependent.com/russian-official-involved-in-war-against-ukraine-killed-in-stavropol-explosion/,2025-05-29T07:04:00+00:00
https://kyivindependent.com/durov-announces-telegrams-partnership-with-musks-xai/,2025-05-29T06:51:48+00:00
https://kyivindependent.com/us-court-blocks-most-trumps-tariffs-rules-he-exceeded-authority/,2025-05-29T06:28:47+00:00
https://kyivindependent.com/musk-announces-exit-from-us-government/,2025-05-29T05:49:00+00:00
https://kyivindependent.com/general-staff-russia-has-lost-7/,2025-05-29T05:11:01+00:00
https://kyivindependent.com/russia-planning-to-deploy-oreshnik-missile-systems-to-belarus-by-end-of-2025-official-says/,2025-05-29T04:41:00+00:00
https://kyivindependent.com/electronics-plant-in-st-petersburg-on-fire-following-explosions-local-media-reports/,2025-05-29T02:47:45+00:00
https://kyivindependent.com/remaining-voice-of-america-employees-expected-to-be-terminated-this-week-politico-reports/,2025-05-29T01:45:42+00:00
https://kyivindependent.com/over-half-of-azov-fighters-returned-to-ukraine-official-says/,2025-05-29T00:46:00+00:00
https://kyivindependent.com/un-comissions-says-kherson-drone-attacks-amount-to-crimes-against-humanity/,2025-05-28T22:55:00+00:00
https://kyivindependent.com/trump-holds-off-on-sanctions-to-push-ukraine-russia-peace-efforts/,2025-05-28T21:10:00+00:00
https://kyivindependent.com/ukraine-sends-ceasefire-memo-urges-russia-to-respond-ahead-of-june-2-peace-talks-umerov-says/,2025-05-28T19:26:00+00:00
https://kyivindependent.com/ukraine-war-latest-moscow-proposes-next-round-of-russia-ukraine-talks-on-june-2-in-istanbul/,2025-05-28T19:01:04+00:00
https://kyivindependent.com/russia-proposes-next-round-of-russia-ukraine-talks-on-june-2-in-istanbul-lavrov-says/,2025-05-28T18:51:00+00:00
https://kyivindependent.com/turkey-belgium-to-join-drone-coalition-for-ukraine/,2025-05-28T18:45:26+00:00
https://kyivindependent.com/11-more-ukrainian-children-rescued-from-russian-occupied-territories-yermaks-advisor-says/,2025-05-28T17:43:06+00:00
https://kyivindependent.com/ukrainian-drones-shot-down-over-moscow-mayor-claims/,2025-05-28T17:37:00+00:00
https://kyivindependent.com/well-know-in-two-weeks-trump-signals-frustration-with-putin/,2025-05-28T17:35:24+00:00
https://kyivindependent.com/eu-mulls-black-sea-security-strategy-to-counter-russian-threats-top-diplomat-says/,2025-05-28T16:09:22+00:00
https://kyivindependent.com/russia-proposes-new-date-and-location-for-peace-talks-with-ukraine-medinsky-days/,2025-05-28T15:52:00+00:00
https://kyivindependent.com/nasa-astronaut-on-russian-colleagues-backing-war-against-ukraine/,2025-05-28T15:30:15+00:00
https://kyivindependent.com/sending-taurus-to-ukraine-end-of-german-fear-and-escalation-angst/,2025-05-28T15:22:00+00:00
https://kyivindependent.com/ukrainian-security-service-charges-captured-russian-soldier-with-executing-pows-during-frontline-operation/,2025-05-28T14:53:13+00:00
https://kyivindependent.com/a-serious-crisis-pro-russian-leader-in-bosnia-threatening-peace-in-the-balkans/,2025-05-28T14:41:00+00:00
https://kyivindependent.com/sanctions-on-russia-are-effective-ukraine-just-needs-more/,2025-05-28T13:03:00+00:00
https://kyivindependent.com/germany-to-do-everything-to-prevent-nord-stream-2-restart-merz-says/,2025-05-28T12:40:00+00:00
https://kyivindependent.com/zelensky-confirms-his-participation-in-next-g7-summit-in-june/,2025-05-28T12:18:35+00:00
https://kyivindependent.com/germany-to-help-finance-ukrainian-made-long-range-systems-merz-says/,2025-05-28T11:58:00+00:00
https://kyivindependent.com/western-sanctions-to-become-tangible-for-russia-in-early-summer-of-2026-zelensky-says/,2025-05-28T11:23:00+00:00
https://kyivindependent.com/lithuania-demands-belarus-compensate-227-million-for-migrant-crisis/,2025-05-28T11:17:00+00:00
https://kyivindependent.com/putin-zelensky-meeting-possible-after-specific-agreements-russia-says/,2025-05-28T11:04:00+00:00
https://kyivindependent.com/putins-demands-for-ending-war-in-ukraine-include-natos-refusal-to-expand-eastward-lifting-sanctions-reuters-reports/,2025-05-28T10:29:00+00:00
https://kyivindependent.com/taurus-uncertainty-lingers-as-zelensky-visits-germany-for-talks-with-merz/,2025-05-28T10:21:00+00:00
https://kyivindependent.com/belarus-to-scale-down-zapad-military-drills-to-reduce-tensions-minsk-says/,2025-05-28T09:58:48+00:00
https://kyivindependent.com/russia-aims-to-produce-500-drones-per-day-zelensky-says/,2025-05-28T09:30:04+00:00
https://kyivindependent.com/us-wont-support-russias-demand-for-ukraines-withdrawal-from-4-regions-zelensky-says/,2025-05-28T09:19:53+00:00
https://kyivindependent.com/russia-mobilizing-40-000-45-000-troops-per-month-ukraine-25-000-27-000-zelensky-says/,2025-05-28T08:21:00+00:00
https://kyivindependent.com/zelensky-ready-for-three-way-meeting-with-trump-putin/,2025-05-28T07:25:00+00:00
https://kyivindependent.com/russia-massing-50-000-troops-near-ukraines-sumy-oblast-zelensky-says/,2025-05-28T07:15:00+00:00
https://kyivindependent.com/attacks-153/,2025-05-28T07:01:25+00:00
https://kyivindependent.com/trumps-patience-wears-thin-as-russia-delays-ukraine-peace-memo-cnn-reports/,2025-05-28T05:25:00+00:00
https://kyivindependent.com/general-staff-russia-has-lost-983-890-troops-in-ukraine-since-feb-24-2022/,2025-05-28T05:19:25+00:00
https://kyivindependent.com/kellogg-criticizes-medvedevs-reckless-threats-demands-russian-peace-memorandum/,2025-05-28T05:19:15+00:00
https://kyivindependent.com/russia-should-think-less-about-trumps-statements-more-about-stopping-war-us-state-department-says/,2025-05-28T04:01:00+00:00
https://kyivindependent.com/ukraine-to-ramp-up-arms-production-for-symmetrical-response-to-russia-zelensky-says/,2025-05-27T23:56:00+00:00
https://kyivindependent.com/as-peace-efforts-falter-russia-eyes-major-summer-push-in-donetsk-oblast/,2025-05-27T21:05:00+00:00
https://kyivindependent.com/bracing-for-more-russian-attacks-an-anxious-ukraine-waits-for-trump-to-do-something/,2025-05-27T20:07:00+00:00
https://kyivindependent.com/82-of-russian-speaking-ukrainians-view-russia-negatively-poll-shows/,2025-05-27T19:37:53+00:00
https://kyivindependent.com/ukraine-war-latest-trump-admits-to-protecting-russia-from-really-bad-things-during-ukraine-peace-talks/,2025-05-27T19:27:00+00:00
https://kyivindependent.com/trump-admits-to-protecting-russia-from-really-bad-things/,2025-05-27T17:20:00+00:00
https://kyivindependent.com/russia-orders-307-900-death-certificates-for-soldiers-families-since-2022-media-reports/,2025-05-27T17:18:22+00:00
https://kyivindependent.com/istanbul-is-very-good-lavrov-backs-turkey-for-next-round-of-russia-ukraine-peace-talks/,2025-05-27T15:44:00+00:00
https://kyivindependent.com/russia-builds-power-lines-to-connect-occupied-zaporizhzhia-nuclear-plant-to-its-grid-nyt-reports/,2025-05-27T14:50:00+00:00
https://kyivindependent.com/why-trump-needs-to-follow-through-and-trigger-the-downfall-of-russia/,2025-05-27T14:44:00+00:00
https://kyivindependent.com/us-blocks-g7-push-to-tighten-russian-oil-price-cap-financial-times-reports/,2025-05-27T13:48:52+00:00
https://kyivindependent.com/turkeys-fm-reportedly-to-visit-kyiv-after-discussing-ukraine-peace-efforts-with-putin/,2025-05-27T12:58:00+00:00
https://kyivindependent.com/china-denies-ukraines-allegations-of-supplying-weapons-defense-industry-components-to-russia/,2025-05-27T12:50:26+00:00
https://kyivindependent.com/uk-to-allocate-3-billion-of-proceeds-from-frozen-russian-assets-to-ukrainian-defense/,2025-05-27T12:21:44+00:00
https://kyivindependent.com/after-3-days-of-consecutive-attacks-at-ukraine-russia-calls-for-un-security-council-meeting/,2025-05-27T11:54:00+00:00
https://kyivindependent.com/hungary-accuses-ukraine-of-information-operations-amid-espionage-scandal/,2025-05-27T11:30:00+00:00
https://kyivindependent.com/russia-has-changed-drone-attack-tactics-against-ukraine-to-bypass-air-defense-ukraines-air-force-says/,2025-05-27T10:19:00+00:00
https://kyivindependent.com/brussels-to-formally-approve-170-billion-eu-defense-plan-amid-russias-war-against-ukraine/,2025-05-27T10:01:00+00:00
https://kyivindependent.com/over-200-ukrainian-soldiers-died-in-russian-captivity-ap-reports-4/,2025-05-27T09:54:00+00:00
https://kyivindependent.com/merz-long-range-strikes-restrictions/,2025-05-27T09:36:00+00:00
https://kyivindependent.com/us-eu-no-longer-cooperating-in-enforcing-russia-sanctions-media-reports/,2025-05-27T08:24:00+00:00
https://kyivindependent.com/russian-attacks-across-ukraine-5/,2025-05-27T08:11:03+00:00
https://kyivindependent.com/sweden-allocates-over-500-million-for-ukrainian-defense-capabilities/,2025-05-27T06:33:00+00:00
https://kyivindependent.com/pro-russian-georgescu-announces-retirement-from-romanias-politics/,2025-05-27T05:51:32+00:00
https://kyivindependent.com/general-staff-russia-has-lost-982-840-troops-in-ukraine-since-feb-24-2022/,2025-05-27T05:08:00+00:00
https://kyivindependent.com/trump-considers-imposing-sanctions-on-russia-in-coming-days-wsj-reports/,2025-05-27T04:56:00+00:00
https://kyivindependent.com/ukraine-to-boost-interceptor-drone-production-increase-funding-for-ballistic-missile-development-zelensky-says/,2025-05-27T04:02:20+00:00
https://kyivindependent.com/flight-restrictions-imposed-at-several-russian-airports-amid-drone-attacks/,2025-05-27T02:57:01+00:00
https://kyivindependent.com/kremlin-blames-trumps-putin-comments-on-emotional-overload/,2025-05-26T23:12:00+00:00
https://kyivindependent.com/russia-occupies-4-border-villages-in-ukraines-sumy-oblast/,2025-05-26T21:46:00+00:00
https://kyivindependent.com/germany-plans-to-send-ukraine-pac-2-missiles-for-patriot-air-defense-systems-wp-reports/,2025-05-26T20:55:00+00:00
https://kyivindependent.com/intelligence-shows-russia-planning-new-offensive-operations-in-ukraine-zelensky-says/,2025-05-26T19:53:16+00:00
https://kyivindependent.com/ukraine-war-latest-83/,2025-05-26T19:26:00+00:00
https://kyivindependent.com/putin-calls-to-strangle-western-companies-still-operating-in-russia/,2025-05-26T18:26:50+00:00
https://kyivindependent.com/why-did-russia-invade-ukraine-moscows-claims-of-root-causes-unpacked/,2025-05-26T18:15:00+00:00
https://kyivindependent.com/ukraine-recovers-soldiers-from-46-units-long-blocked-by-russia-in-1-000-for-1-000-pow-exchange/,2025-05-26T17:53:09+00:00
https://kyivindependent.com/latvia-urges-eu-wide-halt-to-russian-visas-over-security-concerns/,2025-05-26T16:45:00+00:00
https://kyivindependent.com/netherlands-to-deliver-last-of-pledged-24-f-16s-to-ukraine-on-may-26/,2025-05-26T15:50:00+00:00
https://kyivindependent.com/putins-negotiator-dmitriev-pushing-for-release-of-280b-in-frozen-russian-assets-ukrainian-intel-chief-says/,2025-05-26T15:48:41+00:00
https://kyivindependent.com/trump-realizes-putin-lied-about-peace-massive-russian-assault-proves-it-macron-says/,2025-05-26T14:14:17+00:00
https://kyivindependent.com/who-funds-the-kyiv-independent/,2025-05-26T14:11:00+00:00
https://kyivindependent.com/ukrainian-media-platform-launches-first-tool-to-let-readers-listen-to-articles-from-any-line/,2025-05-26T13:29:30+00:00
https://kyivindependent.com/zelensky-to-visit-berlin-for-talks-with-chancellor-merz-der-spiegel-says/,2025-05-26T13:15:22+00:00
https://kyivindependent.com/restrictions-on-long-range-strikes-by-ukraine-merz-says/,2025-05-26T12:45:00+00:00
https://kyivindependent.com/ukraine-reacts-to-alleged-inclusion-of-suspected-collaborator-in-prisoner-swap-with-russia/,2025-05-26T11:44:00+00:00
https://kyivindependent.com/belarus-has-nuclear-weapon-delivery-systems-but-no-russian-warheads-ukrainian-intel-chief-says/,2025-05-26T11:42:49+00:00
https://kyivindependent.com/nicusor-dan-sworn-in-as-romanias-new-president/,2025-05-26T10:35:00+00:00
https://kyivindependent.com/russia-using-telegram-bots-to-control-drones-attacking-ukraine-economist-reports/,2025-05-26T10:11:00+00:00
https://kyivindependent.com/netherlands-backs-zelenskys-presence-at-nato-summit/,2025-05-26T09:51:32+00:00
https://kyivindependent.com/russia-is-not-winning-this-war-eus-kubilius-says/,2025-05-26T09:02:55+00:00
https://kyivindependent.com/third-consecutive-day-of-mass-attacks/,2025-05-26T08:31:00+00:00
https://kyivindependent.com/russia-can-attack-europe-2-4-years-after-wars-end-faster-with-lifted-sanctions-ukrainian-intel-chief-warns/,2025-05-26T07:58:44+00:00
https://kyivindependent.com/russian-drone-production-site-chemical-plant-targeted-in-alleged-ukrainian-drone-strike/,2025-05-26T06:46:00+00:00
https://kyivindependent.com/ukraine-captured-971-russian-soldiers-during-kursk-offensive-general-staff-says/,2025-05-26T05:59:00+00:00
https://kyivindependent.com/general-staff-russia-has-lost-981-850-troops-in-ukraine-since-feb-24-2022/,2025-05-26T05:18:06+00:00
https://kyivindependent.com/over-109-600-russian-soldiers-killed-in-ukraine-identified-by-media-investigation/,2025-05-26T05:01:00+00:00
https://kyivindependent.com/zelensky-enacts-new-sanctions-targeting-propagandists-criminal-networks-russian-financiers/,2025-05-26T03:38:00+00:00
https://kyivindependent.com/germany-sets-2029-deadline-to-fully-arm-military-amid-fears-of-russian-threat-reuters-reports/,2025-05-26T02:21:00+00:00
https://kyivindependent.com/i-dont-know-what-the-hell-happened-to-putin-says-trump-as-russia-unleashes-3rd-consecutive-attack-on-ukraine/,2025-05-25T23:49:00+00:00
https://kyivindependent.com/putin-is-not-interested-in-peace-german-fm-calls-for-additional-sanctions-following-large-scale-russian-attack-on-ukraine/,2025-05-25T21:00:54+00:00
https://kyivindependent.com/russia-launches-mass-attack-on-kyiv-ukrainian-cities-for-second-night-in-row/,2025-05-25T20:01:00+00:00
https://kyivindependent.com/damage-reported-after-train-runs-over-explosive-device-in-russias-belgorod-oblast-governor-claims/,2025-05-25T19:36:00+00:00
https://kyivindependent.com/ceasefire-now-trumps-ukraine-envoy-reacts-to-russias-large-scale-attack-on-ukraine/,2025-05-25T18:51:00+00:00
https://kyivindependent.com/largest-ever-ukrainian-russian-prisoner-swap-comes-under-fire-for-lacking-azov-fighters-civilians/,2025-05-25T18:11:00+00:00
https://kyivindependent.com/ukraine-war-latest-82/,2025-05-25T17:47:00+00:00
https://kyivindependent.com/russian-commander-claims-putins-helicopter-used-to-repel-overnight-ukrainian-drone-attack/,2025-05-25T16:55:11+00:00
https://kyivindependent.com/china-supplying-chemicals-gunpowder-machine-tools-to-russian-military-factories-ukraines-foreign-intelligence-chief-says/,2025-05-25T16:49:53+00:00
https://kyivindependent.com/ukraine-destroys-russian-fuel-train-in-occupied-territory-military-intelligence-says/,2025-05-25T16:04:16+00:00
https://kyivindependent.com/kyiv-launches-drone-attack-on-moscow-officials-claim-following-large-scale-attack-on-ukraine-overnight/,2025-05-25T15:50:00+00:00
https://kyivindependent.com/russians-mock-the-us-and-peace-process-with-latest-ukraine-attacks-eu-ambassador-says/,2025-05-25T15:09:27+00:00
https://kyivindependent.com/russians-categorically-refused-unconditional-ceasefire-in-istanbul-ukrainian-negotiating-official-says/,2025-05-25T14:16:00+00:00
https://kyivindependent.com/russia-advancing-and-ex-official-assassination-ukraine-this-week/,2025-05-25T14:03:10+00:00
https://kyivindependent.com/two-women-killed-in-russian-strike-on-residential-building-in-kupyansk/,2025-05-25T12:52:43+00:00
https://kyivindependent.com/the-missile-no-longer-flies-straight-ukraine-says-russia-improved-its-ballistic-missiles/,2025-05-25T11:41:00+00:00
https://kyivindependent.com/americas-silence-encourages-putin-zelensky-says-after-massive-russian-attack/,2025-05-25T11:19:00+00:00
https://kyivindependent.com/ukraine-brings-home-303-pows-in-final-phase-of-major-prisoner-swap-with-russia/,2025-05-25T10:05:00+00:00
https://kyivindependent.com/russia-ministry-of-defense-says-it-shot-down-110-ukrainian-drones-overnight/,2025-05-25T09:12:25+00:00
https://kyivindependent.com/general-staff-russia-has-lost-980-850-troops-in-ukraine-since-feb-24-2022/,2025-05-25T07:39:42+00:00
https://kyivindependent.com/russian-attack-in-kyiv-oblast-kills-3-injures-10-including-children/,2025-05-25T03:00:00+00:00
https://kyivindependent.com/ukrainian-drones-shot-down-near-moscow-as-russia-attacks-kyiv-official-claims/,2025-05-25T02:31:00+00:00
https://kyivindependent.com/russia-losing-battlefield-edge-in-war-against-ukraine-wp-reports/,2025-05-25T02:22:00+00:00
https://kyivindependent.com/russian-air-base-in-tver-oblast-hit-by-drones-media-reports/,2025-05-25T00:52:00+00:00
https://kyivindependent.com/us-rolls-back-assad-era-sanctions-on-syria/,2025-05-24T20:31:31+00:00
https://kyivindependent.com/russia-will-reveal-peace-terms-to-ukraine-after-prisoner-exchange-lavrov-says/,2025-05-24T18:34:00+00:00
https://kyivindependent.com/vernacular-hardcore-the-ukrainian-pavilion-venice-biennale/,2025-05-24T17:31:00+00:00
https://kyivindependent.com/putin-remains-confident-in-russias-ultimate-victory-in-ukraine-us-intelligence-reports/,2025-05-24T17:06:00+00:00
https://kyivindependent.com/explosions-reported-in-kyiv-amid-russian-drone-attack/,2025-05-24T15:19:00+00:00
https://kyivindependent.com/polish-presidential-rivals-clash-over-ukraines-accession-to-nato-in-debate-before-june-1-vote/,2025-05-24T15:03:55+00:00
https://kyivindependent.com/inside-ukraines-1-000-for-1-000-pow-swap-with-russia/,2025-05-24T14:27:30+00:00
https://kyivindependent.com/ukraine-hands-over-70-collaborators-to-russia-in-may-23-prisoner-swap/,2025-05-24T12:35:00+00:00
https://kyivindependent.com/lavrov-dismisses-vatican-as-possible-venue-for-russia-ukraine-peace-talks/,2025-05-24T12:18:57+00:00
https://kyivindependent.com/ukraine-russia-prisoner-exchange/,2025-05-24T11:29:00+00:00
https://kyivindependent.com/russia-hasnt-faced-enough-pressure-ukrainian-and-foreign-diplomats-react-to-massive-overnight-attack-on-kyiv/,2025-05-24T10:45:21+00:00
https://kyivindependent.com/south-of-kostiantynivka-increasingly-under-threat-as-russia-creeps-forward/,2025-05-24T10:27:00+00:00
https://kyivindependent.com/eu-reportedly-considers-cutting-over-20-russian-banks-from-swift-banning-nord-stream-in-fresh-sanctions-package/,2025-05-24T09:44:00+00:00
https://kyivindependent.com/ukraine-denies-russian-troop-presence-in-yunakivka-sumy-oblast-suspilne-reports/,2025-05-24T08:52:03+00:00
https://kyivindependent.com/attacks-152/,2025-05-24T08:38:00+00:00
https://kyivindependent.com/shoot-them-on-the-spot-ukraines-intel-records-150-cases-of-russia-executing-pows/,2025-05-24T07:56:00+00:00
https://kyivindependent.com/u-k-probes-possible-russian-involvement-in-arson-attacks-targeting-pm-starmer/,2025-05-24T07:36:55+00:00
https://kyivindependent.com/russian-factories-targeted-in-alleged-ukrainian-drone-strike/,2025-05-24T07:23:34+00:00
https://kyivindependent.com/general-staff-russia-has-lost-979-830-troops-in-ukraine-since-feb-24-2022/,2025-05-24T06:24:39+00:00
https://kyivindependent.com/pentagon-may-downgrade-ukraine-focused-office-amid-policy-restructure-media-reports/,2025-05-24T04:10:00+00:00
https://kyivindependent.com/russias-top-exporters-slash-rail-shipments-amid-economic-slowdown-reuters-reports/,2025-05-24T01:56:00+00:00
https://kyivindependent.com/eu-to-sanction-nord-stream-2-pipeline-as-russia-rejects-ceasefire-bloomberg-reports/,2025-05-23T23:48:00+00:00
https://kyivindependent.com/russian-jets-violate-finnish-airspace-defense-ministry-says/,2025-05-23T21:38:00+00:00
https://kyivindependent.com/ukraine-would-like-trump-to-attend-potential-zelensky-putin-meeting-sybiha-says/,2025-05-23T20:39:00+00:00
https://kyivindependent.com/ukraine-russia-begin-biggest-swap-of-prisoners-of-war-since-beginning-of-full-scale-invasion/,2025-05-23T20:20:00+00:00
https://kyivindependent.com/eu-restores-quotas-on-ukrainian-farm-imports-media-reports/,2025-05-23T20:07:58+00:00
https://kyivindependent.com/ukraine-us-officially-launch-joint-reconstruction-investment-fund/,2025-05-23T20:01:00+00:00
https://kyivindependent.com/controversial-ex-official-portnov-reportedly-visited-ukraine-days-before-fatal-madrid-shooting/,2025-05-23T19:25:41+00:00
https://kyivindependent.com/ukraine-war-latest-81/,2025-05-23T19:10:07+00:00
https://kyivindependent.com/prisoner-exchanges-in-the-ukraine-russia-war-have-transformed/,2025-05-23T18:57:00+00:00
https://kyivindependent.com/russias-weeklong-delay-on-ceasefire-memorandum-is-mockery-of-entire-world-zelensky-says/,2025-05-23T18:36:00+00:00
https://kyivindependent.com/ukraine-must-look-beyond-the-eu-for-its-agricultural-future/,2025-05-23T17:39:00+00:00
https://kyivindependent.com/polish-jets-intercept-russian-su-24-over-baltic-sea-after-dangerous-maneuvers/,2025-05-23T17:33:00+00:00
https://kyivindependent.com/russia-executes-2-captured-ukrainian-soldiers-near-pokrovsk-prosecutors-say/,2025-05-23T16:30:00+00:00
https://kyivindependent.com/ultimate-guide-on-how-drones-changed-warfare-in-ukraine/,2025-05-23T16:04:11+00:00
https://kyivindependent.com/russia-strikes-odesa-port-with-ballistic-missiles-kills-1-injures-8/,2025-05-23T15:57:00+00:00
https://kyivindependent.com/russian-helicopter-crashes-in-oryol-oblast/,2025-05-23T15:25:39+00:00
https://kyivindependent.com/us-sanctioned-russian-plant-reportedly-targeted-in-drone-attack-on-lipetsk-oblast/,2025-05-23T12:43:00+00:00
https://kyivindependent.com/russia-just-said-it-doesnt-want-peace-this-is-what-you-need-to-do/,2025-05-23T12:18:00+00:00
https://kyivindependent.com/german-company-ships-restricted-technology-to-russia-despite-eu-sanctions-politico-reports/,2025-05-23T12:08:42+00:00
https://kyivindependent.com/russian-attacks-against-ukraine-kill-injure-over-past-day-7/,2025-05-23T11:20:00+00:00
https://kyivindependent.com/finland-closely-monitoring-borders-amid-reports-russian-military-preparations/,2025-05-23T11:08:00+00:00
https://kyivindependent.com/ukraine-denies-trumps-claim-that-pow-swap-completed-source-says/,2025-05-23T10:50:00+00:00
https://kyivindependent.com/top-worker-of-russian-defense-factory-reportedly-injured-in-hammer-attack-in-kurgan/,2025-05-23T10:02:45+00:00
https://kyivindependent.com/ukraine-4/,2025-05-23T08:07:00+00:00
https://kyivindependent.com/putin-claims-russia-preparing-security-buffer-zone-along-ukrainian-border/,2025-05-23T07:13:00+00:00
https://kyivindependent.com/ukraines-new-drone-strategy-cripple-moscows-airports-make-russian-population-pay/,2025-05-23T06:56:00+00:00
https://kyivindependent.com/general-staff-russia-has-lost-978-700-troops-in-ukraine-since-feb-24-2022/,2025-05-23T05:08:34+00:00
https://kyivindependent.com/g7-leaders-pledge-to-freeze-russian-assets-until-war-ends-support-ukraines-recovery/,2025-05-23T02:57:58+00:00
https://kyivindependent.com/russia-shuts-down-moscow-airports-amid-ukrainian-drone-strikes/,2025-05-23T01:02:00+00:00
https://kyivindependent.com/russia-cuts-key-projects-in-aviation-tech-auto-industries-as-oil-revenues-plummet/,2025-05-22T22:29:01+00:00
https://kyivindependent.com/stripping-hungarys-eu-voting-rights-on-agenda-for-may-27-meeting/,2025-05-22T21:27:00+00:00
https://kyivindependent.com/ukraine-war-latest-9-ukrainian-children-rescued-from-russian-occupied-territories-presidents-office-says/,2025-05-22T19:16:00+00:00
https://kyivindependent.com/russia-says-159-ukrainian-drones-shot-down-in-less-than-a-day/,2025-05-22T18:31:00+00:00
https://kyivindependent.com/ukraine-seeks-long-term-defense-funding-from-eu-proposes-integrating-armed-forces-into-european-security-system/,2025-05-22T17:30:10+00:00
https://kyivindependent.com/fallout-from-the-trump-zelensky-meeting-whats-next-for-ukraine-spot-briefing-by-ki-insights/,2025-05-22T17:23:00+00:00
https://kyivindependent.com/ukraines-frontline-pressure-and-risks-of-russias-summer-offensive/,2025-05-22T17:13:00+00:00
https://kyivindependent.com/nine-ukrainian-children-rescued-from-russian-occupied-territories-presidential-office-says/,2025-05-22T15:34:59+00:00
https://kyivindependent.com/ukrainian-defense-firms-urge-president-zelensky-to-lift-drone-export-restrictions-amid-growing-industry-crisis/,2025-05-22T14:41:45+00:00
https://kyivindependent.com/we-need-to-push-russia-to-stick-to-ceasefire-estonian-ambassador-says/,2025-05-22T14:36:09+00:00
https://kyivindependent.com/eu-parliament-backs-tariffs-on-fertilizers-from-russia-belarus/,2025-05-22T13:00:24+00:00
https://kyivindependent.com/russia-intercepts-drone-attack-on-moscow-oblast-prompting-airport-closures/,2025-05-22T12:03:00+00:00
https://kyivindependent.com/romania-top-court-rejects-candidate-simions-bid-to-annul-presidential-election-results/,2025-05-22T12:02:24+00:00
https://kyivindependent.com/why-washington-failed-to-end-the-russo-ukrainian-war/,2025-05-22T11:25:00+00:00
https://kyivindependent.com/north-koreas-kim-reportedly-lashes-out-after-failed-warship-launch/,2025-05-22T11:13:42+00:00
https://kyivindependent.com/we-dont-want-this-anymore-russia-rejects-a-ceasefire-in-ukraine-lavrov-says/,2025-05-22T10:52:00+00:00
https://kyivindependent.com/us-sanctioned-ex-yanukovych-advisor-portnov-shot-dead-in-madrid-reuters-reports/,2025-05-22T10:45:00+00:00
https://kyivindependent.com/trump-admits-to-european-leaders-that-putin-doesnt-want-peace/,2025-05-22T09:41:35+00:00
https://kyivindependent.com/finland-expecting-russian-military-build-up-at-border-after-ukraine-war-ends/,2025-05-22T09:33:00+00:00
https://kyivindependent.com/russian-attacks-against-ukraine-kill-2-injure-27-over-past-day/,2025-05-22T08:33:26+00:00
https://kyivindependent.com/4-chechen-officers-killed-in-car-bombing-in-russian-occupied-part-of-kherson-oblast/,2025-05-22T08:30:36+00:00
https://kyivindependent.com/architect-of-yanukovychs-corrupt-system-who-is-andriy-portnov-a-ukrainian-ex-official-killed-in-spain/,2025-05-22T07:35:00+00:00
https://kyivindependent.com/poland-intercepts-russian-sanctions-evading-ship-near-critical-baltic-power-cable-tusk-says/,2025-05-22T06:02:00+00:00
https://kyivindependent.com/general-staff-russia-has-lost-977-650-troops-in-ukraine-since-feb-24-2022/,2025-05-22T05:11:20+00:00
https://kyivindependent.com/top-ukrainian-commander-slams-military-leadership-in-resignation-letter-as-command-culture-problems-persist/,2025-05-22T04:40:00+00:00
https://kyivindependent.com/ukraine-to-pitch-harsher-sanctions-on-russia-to-eu-next-week-as-us-sanctions-fall-through-reuters-reports/,2025-05-22T02:58:00+00:00
https://kyivindependent.com/uk-exposes-russian-intelligence-cyber-campaign-targeting-logistics-technology-organizations/,2025-05-22T02:07:00+00:00
https://kyivindependent.com/war-crimes-have-been-committed-rubio-admits-russia-is-an-aggressor-declines-to-label-putin-as-a-war-criminal/,2025-05-21T21:13:24+00:00
https://kyivindependent.com/ukraine-working-on-1000-for-1000-prisoner-exchange-with-russia-zelensky-says/,2025-05-21T20:16:00+00:00
https://kyivindependent.com/ukraine-war-latest-russian-semiconductor-plant-making-missile-jet-parts-hit-in-ukrainian-attack-military-says/,2025-05-21T19:11:30+00:00
https://kyivindependent.com/massive-drone-attack-hits-russia-semiconductor-plant-reportedly-targeted/,2025-05-21T18:57:00+00:00
https://kyivindependent.com/ukrainian-officials-deny-russian-troop-presence-at-dnipropetrovsk-oblast-border/,2025-05-21T18:42:32+00:00
https://kyivindependent.com/irans-parliament-ratifies-20-year-strategic-deal-with-russia/,2025-05-21T18:28:44+00:00
https://kyivindependent.com/trump-claims-progress-on-ending-russia-ukraine-war/,2025-05-21T17:44:42+00:00
https://kyivindependent.com/ukraine-dismisses-russian-claims-of-full-control-over-kursk-oblast-says-fighting-ongoing/,2025-05-21T17:25:40+00:00
https://kyivindependent.com/as-ukraines-peace-talks-gather-steam-experts-plan-ahead-for-post-ceasefire-gun-control/,2025-05-21T16:42:17+00:00
https://kyivindependent.com/nato-summit-in-the-hague-to-focus-on-long-term-support-and-lasting-peace-for-ukraine-rutte-says/,2025-05-21T16:22:42+00:00
https://kyivindependent.com/drones-target-moscow-prompting-flight-disruptions-and-emergency-response/,2025-05-21T15:57:00+00:00
https://kyivindependent.com/ukraine-reforms-tracker-weekly-issue-26/,2025-05-21T15:51:48+00:00
https://kyivindependent.com/historian-timothy-ash-on-the-new-west-after-trump-shock/,2025-05-21T14:09:41+00:00
https://kyivindependent.com/almost-50-000-draft-age-men-detained-trying-to-illegally-cross-border-since-2022-state-border-guard-says/,2025-05-21T12:47:05+00:00
https://kyivindependent.com/president-elect-dan-opposes-romanian-peacekeepers-in-ukraine-but-affirms-pro-kyiv-course/,2025-05-21T12:36:26+00:00
https://kyivindependent.com/eu-officially-agrees-on-150-billion-euro-defense-fund/,2025-05-21T12:11:18+00:00
https://kyivindependent.com/at-least-2-people-die-in-fire-at-thermal-power-plant-in-kyiv-oblast/,2025-05-21T11:51:00+00:00
https://kyivindependent.com/russia-massing-troops-near-border-ahead-of-possible-kharkiv-oblast-attack-military-says/,2025-05-21T10:42:31+00:00
https://kyivindependent.com/ukrainian-citizen-becomes-third-person-charged-over-arson-attacks-on-uk-prime-ministers-property/,2025-05-21T10:25:09+00:00
https://kyivindependent.com/us-opposes-joint-statement-on-further-support-for-ukraine-during-g7-meeting-politico-reports/,2025-05-21T09:17:41+00:00
https://kyivindependent.com/senate-to-vote-on-new-sanctions-against-russia-if-there-is-no-progress-in-peace-talks-soon-senator-graham-says/,2025-05-21T08:40:49+00:00
https://kyivindependent.com/putin-visits-kursk-oblast-for-first-time-since-moscow-claimed-to-have-retaken-the-region/,2025-05-21T08:09:00+00:00
https://kyivindependent.com/attacks-151/,2025-05-21T07:40:00+00:00
https://kyivindependent.com/poland-to-try-suspect-in-alleged-russian-plot-to-assassinate-zelensky/,2025-05-21T07:17:00+00:00
https://kyivindependent.com/pope-leo-willing-to-host-next-round-of-peace-talks-in-vatican-italys-meloni-says/,2025-05-21T06:09:00+00:00
https://kyivindependent.com/6-service-members-killed-10-injured-in-russian-missile-strike-in-sumy-oblast-national-guard-says/,2025-05-21T05:37:00+00:00
https://kyivindependent.com/general-staff-russia-has-lost-976-780-troops-in-ukraine-since-feb-24-2022/,2025-05-21T05:18:30+00:00
https://kyivindependent.com/it-is-already-being-prepared-zelensky-eu-leaders-call-for-harsher-sanctions-against-russia-in-18th-package/,2025-05-21T04:39:00+00:00
https://kyivindependent.com/trump-refusing-to-adopt-sanctions-against-russia-as-it-would-affect-business-opportunities-with-moscow-nyt-reports/,2025-05-21T02:59:22+00:00
https://kyivindependent.com/radio-free-europe-to-receive-6-2-million-in-emergency-funding-from-eu-amid-trump-cuts/,2025-05-21T01:53:58+00:00
https://kyivindependent.com/eu-to-downsize-diplomatic-service-prioritize-russia-sanctions-enforcement-politico-reports/,2025-05-20T23:49:42+00:00
https://kyivindependent.com/eu-to-lift-economic-sanctions-on-syria/,2025-05-20T22:38:00+00:00
https://kyivindependent.com/us-senators-introduce-bipartisan-resolution-demanding-return-of-abducted-ukrainian-children/,2025-05-20T21:50:00+00:00
https://kyivindependent.com/ukraine-war-latest-80/,2025-05-20T19:53:00+00:00
https://kyivindependent.com/there-we-go-again-for-war-weary-europe-trump-putin-call-yet-another-signal-to-wake-up/,2025-05-20T18:47:01+00:00
https://kyivindependent.com/far-right-candidate-simion-contests-romanian-election-loss-alleges-foreign-interference/,2025-05-20T18:26:10+00:00
https://kyivindependent.com/trump-doesnt-know-how-to-deal-with-gangsters-us-lets-ukraine-down-once-again/,2025-05-20T17:53:00+00:00
https://kyivindependent.com/opinion-defining-evil-russias-war-against-ukrainian-children/,2025-05-20T17:40:00+00:00
https://kyivindependent.com/hungary-claims-it-exposed-2-ukrainian-spies-amid-spying-scandal/,2025-05-20T17:39:33+00:00
https://kyivindependent.com/us-nato-seek-more-patriot-systems-for-ukraine-rubio-says/,2025-05-20T16:48:11+00:00
https://kyivindependent.com/mariupol-defender-on-historic-azovstal-fight-and-brutal-russian-captivity/,2025-05-20T15:56:00+00:00
https://kyivindependent.com/kyiv-to-receive-400-000-more-shells-from-czech-initiative-ukraines-pm-says/,2025-05-20T15:45:00+00:00
https://kyivindependent.com/russia-sends-20-000-naturalized-migrants-to-fight-in-ukraine-top-official-says/,2025-05-20T15:16:42+00:00
https://kyivindependent.com/zelensky-proposes-free-trade-agreement-to-trump-kyiv-says/,2025-05-20T15:11:24+00:00
https://kyivindependent.com/russia-releases-green-admire-tanker-seized-after-leaving-estonia/,2025-05-20T13:53:13+00:00
https://kyivindependent.com/trump-administration-considers-deporting-nearly-200-000-ukrainians-using-foreign-aid-funds-wp-reports/,2025-05-20T13:43:29+00:00
https://kyivindependent.com/norways-crown-prince-haakon-arrives-in-ukraine-in-historic-visit/,2025-05-20T12:54:00+00:00
https://kyivindependent.com/zelensky-had-to-remind-trump-peace-talks-already-underway-axios-reports/,2025-05-20T12:28:00+00:00
https://kyivindependent.com/europes-existential-choice/,2025-05-20T11:57:00+00:00
https://kyivindependent.com/russia-is-trying-to-buy-time-to-continue-the-war-and-occupation-zelensky-says-after-putin-trump-call/,2025-05-20T11:20:16+00:00
https://kyivindependent.com/uk-unveils-new-russia-sanctions-accuses-moscow-of-delaying-peace-efforts/,2025-05-20T10:40:41+00:00
https://kyivindependent.com/status-quo-hasnt-changed-podolyak/,2025-05-20T10:11:00+00:00
https://kyivindependent.com/eu-adopts-17th-russia-sanctions-package-targeting-shadow-fleet-hybrid-threats/,2025-05-20T09:42:00+00:00
https://kyivindependent.com/hungarys-parliament-passes-bill-on-icc-withdrawal/,2025-05-20T09:24:40+00:00
https://kyivindependent.com/its-our-land-ukraine-responds-to-putins-call-with-trump-russias-demands/,2025-05-20T08:52:00+00:00
https://kyivindependent.com/eu-to-adopt-17th-sanctions-package-against-russia-on-may-20-18th-package-underway/,2025-05-20T08:37:00+00:00
https://kyivindependent.com/ukraines-french-trained-brigade-faces-fresh-misconduct-allegations-ground-forces-commander-launches-probe/,2025-05-20T07:58:46+00:00
https://kyivindependent.com/as-russias-fiber-optic-drones-flood-the-battlefield-ukraine-is-racing-to-catch-up/,2025-05-20T07:29:00+00:00
https://kyivindependent.com/attacks-150/,2025-05-20T06:38:28+00:00
https://kyivindependent.com/kim-jong-un-could-face-war-crime-probe-for-supporting-russias-war-in-ukraine-former-icc-chief-says/,2025-05-20T06:06:00+00:00
https://kyivindependent.com/general-staff-russia-has-lost-975-800-troops-in-ukraine-since-feb-24-2022/,2025-05-20T05:16:00+00:00
https://kyivindependent.com/nearly-56-000-residents-evacuated-from-sumy-oblast-additional-efforts-ongoing-governor-says/,2025-05-20T04:50:00+00:00
https://kyivindependent.com/majority-of-americans-believe-putin-stalling-ukraine-peace-talks-back-sanctions-if-russia-refuses-to-negotiate-poll-suggests/,2025-05-20T04:11:00+00:00
https://kyivindependent.com/enabling-the-smuggling-of-migrants-lithuania-files-icj-proceedings-against-belarus-amid-border-concerns/,2025-05-20T03:07:00+00:00
https://kyivindependent.com/trump-threatens-to-back-away-from-ukraine-russia-peace-talks-if-progress-is-not-made/,2025-05-20T00:03:00+00:00
https://kyivindependent.com/strong-eu-sanctions-coming-soon-us-expected-to-sanction-russian-banks-energy-zelensky-says/,2025-05-19T23:47:00+00:00
https://kyivindependent.com/trump-says-he-will-not-impose-new-sanctions-on-russia/,2025-05-19T23:39:00+00:00
https://kyivindependent.com/trump-trusts-putin-believes-he-wants-peace-in-ukraine/,2025-05-19T23:06:00+00:00
https://kyivindependent.com/romanias-new-president-faces-daunting-challenges-after-surprise-victory-over-far-right-upstart/,2025-05-19T22:35:00+00:00
https://kyivindependent.com/ukraine-war-latest-putin-refuses-ceasefire-after-trump-call-zelensky-rejects-russias-demand-to-withdraw-troops-from-4-regions/,2025-05-19T20:46:31+00:00
https://kyivindependent.com/eu-to-push-g7-to-lower-russian-oil-price-cap-commissioner-says/,2025-05-19T20:24:08+00:00
https://kyivindependent.com/trump-seeks-direct-peace-talks-between-ukraine-russia-zelensky-says/,2025-05-19T19:51:00+00:00
https://kyivindependent.com/ukraine-eyes-international-peace-talks-with-russia-us-and-eu-zelensky-says/,2025-05-19T19:39:00+00:00
https://kyivindependent.com/zelensky-dismisses-putins-demand-to-withdraw-troops-from-ukrainian-territories/,2025-05-19T19:22:00+00:00
https://kyivindependent.com/after-call-with-trump-putin-again-refuses-ceasefire-cites-russias-root-causes-of-war-in-ukraine/,2025-05-19T19:00:00+00:00
https://kyivindependent.com/trump-putin-call-after-istanbul-peace-talks/,2025-05-19T18:58:00+00:00
https://kyivindependent.com/ukraines-mental-health-workers-tackle-war-trauma-and-soviet-stigma-in-front-line-regions/,2025-05-19T14:45:00+00:00
https://kyivindependent.com/hours-before-trump-putin-call-zelensky-meets-top-officials-reviews-istanbul-talks/,2025-05-19T13:51:00+00:00
https://kyivindependent.com/eu-coordinating-russia-sanctions-in-cooperation-with-us-germany-says/,2025-05-19T13:14:00+00:00
https://kyivindependent.com/we-arent-there-yet-ukraines-worst-case-scenario-not-yet-realized-mccain-institute-head-says/,2025-05-19T13:04:00+00:00
https://kyivindependent.com/zelensky-congratulates-romanias-president-elect-dan/,2025-05-19T12:54:00+00:00
https://kyivindependent.com/eu-countries-preliminary-agree-to-launch-150-billion-euro-defense-fund-media-reports/,2025-05-19T12:12:00+00:00
https://kyivindependent.com/aestheticized-aggression-why-gosha-rubchinskiys-victory-day-photo-book-is-russian-propaganda/,2025-05-19T11:51:00+00:00
https://kyivindependent.com/ukrainian-woman-detained-in-poland-for-smuggling-migrants-across-belarus-border-police-say/,2025-05-19T11:41:00+00:00
https://kyivindependent.com/russia-declares-amnesty-international-an-undesirable-organization/,2025-05-19T10:53:00+00:00
https://kyivindependent.com/commander-of-ukraines-59th-brigade-suddenly-replaced-media-reports/,2025-05-19T10:32:00+00:00
https://kyivindependent.com/kremlin-confirms-putin-trump-call-to-take-place-may-19-following-istanbul-peace-talks/,2025-05-19T10:02:00+00:00
https://kyivindependent.com/poland-heads-to-runoff-between-pro-eu-trzaskowski-and-eurosceptic-nawrocki/,2025-05-19T09:38:00+00:00
https://kyivindependent.com/finland-to-send-ammunition-to-ukraine-using-proceeds-from-frozen-russian-assets/,2025-05-19T09:33:41+00:00
https://kyivindependent.com/russia-detains-8-minors-in-occupied-crimea-accussed-of-plotting-attack-on-police/,2025-05-19T08:32:23+00:00
https://kyivindependent.com/france-rejects-telegram-ceos-accussations-of-romanian-election-meddling/,2025-05-19T07:57:09+00:00
https://kyivindependent.com/russian-attacks-kill-2-injure-13/,2025-05-19T07:09:01+00:00
https://kyivindependent.com/ukrainian-drones-destroy-russian-radar-and-supply-depots-on-black-sea-drilling-platforms/,2025-05-19T07:02:00+00:00
https://kyivindependent.com/thousands-protest-in-hungary-against-russia-style-bill/,2025-05-19T06:14:00+00:00
https://kyivindependent.com/australia-sending-retired-abrams-tanks-to-ukraine-despite-us-objections-media-reports/,2025-05-19T06:02:00+00:00
https://kyivindependent.com/general-staff-russia-has-lost-974-770-troops-in-ukraine-since-feb-24-2022/,2025-05-19T05:30:02+00:00
https://kyivindependent.com/zelensky-albanese-meet-in-rome-discuss-pressure-on-russia/,2025-05-19T03:13:00+00:00
https://kyivindependent.com/starmer-western-leaders-call-for-unconditional-ukraine-ceasefire-ahead-of-trump-putin-talks/,2025-05-19T00:35:00+00:00
https://kyivindependent.com/nicusor-dan-defeats-far-right-simion-in-romanian-presidential-election/,2025-05-18T21:03:00+00:00
https://kyivindependent.com/european-leaders-to-speak-with-trump-before-putin-call-merz-says/,2025-05-18T20:43:18+00:00
https://kyivindependent.com/denmark-announces-nearly-600-million-in-military-aid-to-ukraine/,2025-05-18T19:18:13+00:00
https://kyivindependent.com/ukraine-war-latest-russia-launches-record-273-drone-attack-on-ukraine-ahead-of-planned-trump-putin-call/,2025-05-18T18:00:18+00:00
https://kyivindependent.com/breaking-zelensky-meets-pope-leo-xiv-at-vatican/,2025-05-18T17:21:00+00:00
https://kyivindependent.com/russia-detains-oil-tanker-leaving-estonian-port/,2025-05-18T16:55:00+00:00
https://kyivindependent.com/trump-growing-impatient-with-russia-finnish-president-says/,2025-05-18T16:03:56+00:00
https://kyivindependent.com/europe-far-from-discussing-troop-deployment-merz-says/,2025-05-18T15:15:00+00:00
https://kyivindependent.com/zelensky-vance-rubio-discuss-istanbul-peace-talks-sanctions-on-russia-in-vatican-meeting/,2025-05-18T15:03:00+00:00
https://kyivindependent.com/ukraines-general-staff-vows-review-after-brigade-commander-resigns-over-stupid-orders/,2025-05-18T14:01:30+00:00
https://kyivindependent.com/investigation-uncovering-fsbs-secret-operation-to-steal-ukraines-valuable-art/,2025-05-18T13:51:00+00:00
https://kyivindependent.com/russia-to-launch-rs-24-yars-intercontinental-ballistic-missile-ukraines-military-intelligence-claims/,2025-05-18T13:44:00+00:00
https://kyivindependent.com/putin-vows-to-complete-war-in-ukraine-rejects-concessions-ahead-of-trump-call/,2025-05-18T12:52:00+00:00
https://kyivindependent.com/putin-no-show-at-peace-talks-and-new-russian-offensive-ukraine-this-week/,2025-05-18T12:47:00+00:00
https://kyivindependent.com/poland-romania-hold-presidential-elections-amid-russian-interference-far-right-surge/,2025-05-18T12:25:00+00:00
https://kyivindependent.com/2-killed-23-injured-in-russian-attacks-on-ukraine-over-past-day/,2025-05-18T11:12:30+00:00
https://kyivindependent.com/everything-is-translation-13th-book-arsenal-festival-in-kyiv-to-bridge-gaps-between-language-and-war/,2025-05-18T11:00:00+00:00
https://kyivindependent.com/how-russias-shaheds-are-evolving-and-what-ukraines-air-defenses-are-doing-about-it/,2025-05-18T10:16:00+00:00
https://kyivindependent.com/russian-tank-losses-in-ukraine-syrski-claims-1-159-hit-since-start-of-year/,2025-05-18T09:32:00+00:00
https://kyivindependent.com/russia-launches-record-273-drone-attack-on-ukraine-ahead-of-planned-trump-putin-call/,2025-05-18T07:24:00+00:00
https://kyivindependent.com/general-staff-russia-has-lost-973-730-troops-in-ukraine-since-feb-24-2022/,2025-05-18T06:48:25+00:00
https://kyivindependent.com/trump-to-talk-to-putin-on-may-19/,2025-05-18T06:35:00+00:00
https://kyivindependent.com/russian-drone-strike-in-kyiv-oblast-kills-1-injures-3/,2025-05-18T06:24:00+00:00
https://kyivindependent.com/battalion-commander-of-the-47th-brigade-submits-resignation-report-slams-military-leadership-over-stupid-tasks/,2025-05-18T05:58:00+00:00
https://kyivindependent.com/russia-kills-1-injures-8-people-in-donetsk-oblast/,2025-05-18T02:48:39+00:00
https://kyivindependent.com/ukraine-takes-9th-place-in-eurovision-2025/,2025-05-17T23:56:00+00:00
https://kyivindependent.com/canadian-pm-carney-reaffirms-support-for-ukraine-in-meeting-with-zelensky/,2025-05-17T23:08:00+00:00
https://kyivindependent.com/rubio-says-vatican-could-host-peace-talks-praises-holy-sees-role-in-ukraine-war/,2025-05-17T16:52:00+00:00
https://kyivindependent.com/ukraines-security-service-begins-preparations-for-1-000-for-1-000-prisoner-swap-with-russia/,2025-05-17T14:42:04+00:00
https://kyivindependent.com/lavrov-rubio-discuss-us-russia-contact-following-istanbul-talks-russian-media-reports/,2025-05-17T13:17:22+00:00
https://kyivindependent.com/eu-prepares-sanctions-against-russias-shadow-fleet-germany-says/,2025-05-17T12:57:29+00:00
https://kyivindependent.com/russia-sentences-australian-fighting-for-ukraine-to-13-years-in-prison/,2025-05-17T12:08:24+00:00
https://kyivindependent.com/1-000-for-1-000-prisoner-exchange-to-take-place-next-week-ukraine-intelligence-chief-says/,2025-05-17T11:50:00+00:00
https://kyivindependent.com/putin-signs-decree-easing-russian-citizenship-process-for-residents-of-abkhazia-south-ossetia/,2025-05-17T10:46:02+00:00
https://kyivindependent.com/russian-strikes-kill-at-least-12-injure-over-30-across-ukraine-in-past-24-hours/,2025-05-17T09:59:12+00:00
https://kyivindependent.com/russia-says-ukraines-choice-of-signatory-is-key-to-any-peace-deal/,2025-05-17T09:24:58+00:00
https://kyivindependent.com/russian-drone-strike-on-civilian-bus-in-sumy-kills-8-injures-5/,2025-05-17T09:18:00+00:00
https://kyivindependent.com/ukrainian-drones-strike-russian-ammunition-depot-in-occupied-crimea-source-says/,2025-05-17T08:35:57+00:00
https://kyivindependent.com/polands-tusk-blames-russian-hackers-for-cyberattacks-on-coalition-ahead-of-election/,2025-05-17T07:00:00+00:00
